<?xml version="1.0" encoding="UTF-8"?>
<project-private xmlns="http://www.netbeans.org/ns/project-private/1">
    <editor-bookmarks xmlns="http://www.netbeans.org/ns/editor-bookmarks/2" lastBookmarkId="0"/>
    <open-files xmlns="http://www.netbeans.org/ns/projectui-open-files/2">
        <group>
            <file>file:/C:/Users/ayush/OneDrive/Documents/project/web/index.html</file>
            <file>file:/C:/Users/ayush/OneDrive/Documents/project/web/login.jsp</file>
            <file>file:/C:/Users/ayush/OneDrive/Documents/project/web/products.jsp</file>
            <file>file:/C:/Users/ayush/OneDrive/Documents/project/web/register.jsp</file>
            <file>file:/C:/Users/ayush/OneDrive/Documents/project/web/cart.jsp</file>
            <file>file:/C:/Users/ayush/OneDrive/Documents/project/web/db.jsp</file>
        </group>
    </open-files>
</project-private>
